{"stats":{"minecraft:used":{"minecraft:firework_rocket":1,"minecraft:cobblestone":2,"minecraft:elytra":1,"minecraft:leather_boots":1},"minecraft:custom":{"minecraft:time_since_rest":2331,"minecraft:open_chest":1,"minecraft:crouch_one_cm":140,"minecraft:play_time":11635,"minecraft:sprint_one_cm":22010,"minecraft:deaths":3,"minecraft:damage_taken":1020,"minecraft:walk_one_cm":20296,"minecraft:sneak_time":62,"minecraft:drop":1,"minecraft:aviate_one_cm":162307,"minecraft:jump":290,"minecraft:damage_dealt":226,"minecraft:leave_game":1,"minecraft:time_since_death":2270,"minecraft:climb_one_cm":1742,"minecraft:total_world_time":11635,"minecraft:fall_one_cm":13058,"minecraft:fly_one_cm":38489,"minecraft:player_kills":1,"minecraft:open_barrel":1},"minecraft:killed_by":{"minecraft:player":1,"minecraft:piglin_brute":1},"minecraft:mined":{"gravestone:gravestone":3,"minecraft:grass":5,"minecraft:ladder":2},"minecraft:picked_up":{"minecraft:ladder":1,"minecraft:cobblestone":1},"minecraft:dropped":{"gravestone:obituary":1}},"DataVersion":3465}