{"stats":{"minecraft:used":{"minecraft:wooden_axe":1,"minecraft:crafting_table":2,"minecraft:stone_pickaxe":1,"minecraft:wooden_pickaxe":26},"minecraft:custom":{"minecraft:time_since_rest":7015,"minecraft:play_time":8343,"minecraft:sprint_one_cm":12548,"minecraft:walk_one_cm":17114,"minecraft:damage_taken":233,"minecraft:deaths":1,"minecraft:sneak_time":21,"minecraft:walk_under_water_one_cm":296,"minecraft:drop":2,"minecraft:jump":126,"minecraft:damage_dealt":49,"minecraft:walk_on_water_one_cm":567,"minecraft:time_since_death":6991,"minecraft:total_world_time":8343,"minecraft:swim_one_cm":8293,"minecraft:interact_with_crafting_table":8,"minecraft:fall_one_cm":3880,"minecraft:fly_one_cm":27060},"minecraft:mined":{"minecraft:coal_ore":1,"minecraft:grass":1,"biomesoplenty:jacaranda_log":4,"biomesoplenty:jacaranda_leaves":2,"biomesoplenty:tall_lavender":1,"biomesoplenty:flowering_oak_leaves":1,"minecraft:tall_grass":1,"minecraft:stone":26,"minecraft:crafting_table":1,"minecraft:oak_leaves":1},"minecraft:killed_by":{"minecraft:player":1},"minecraft:dropped":{"gravestone:obituary":1,"biomesoplenty:tall_lavender":1},"minecraft:picked_up":{"minecraft:crafting_table":1,"biomesoplenty:tall_lavender":1,"biomesoplenty:jacaranda_log":4,"minecraft:lead":1,"minecraft:coal":1,"minecraft:cobblestone":30},"minecraft:crafted":{"biomesoplenty:jacaranda_planks":16,"minecraft:crafting_table":1,"minecraft:stick":8,"minecraft:wooden_pickaxe":1,"minecraft:stone_pickaxe":1,"minecraft:wooden_axe":1}},"DataVersion":3465}