{"stats":{"minecraft:used":{"minecraft:cooked_mutton":2,"minecraft:stone_pickaxe":87,"biomesoplenty:tall_lavender":4,"minecraft:wooden_pickaxe":4,"biomesoplenty:lavender":8,"minecraft:stick":2,"minecraft:stone_axe":28,"biomesoplenty:jacaranda_sapling":1,"minecraft:cobblestone":17,"minecraft:mutton":2,"minecraft:crafting_table":6,"minecraft:furnace":1},"minecraft:custom":{"minecraft:time_since_rest":15984,"minecraft:interact_with_furnace":7,"minecraft:sprint_one_cm":20242,"minecraft:damage_taken":109,"minecraft:walk_one_cm":31805,"minecraft:mob_kills":3,"minecraft:drop":4,"minecraft:damage_dealt":460,"minecraft:player_kills":1,"minecraft:swim_one_cm":8013,"minecraft:interact_with_crafting_table":18,"minecraft:fly_one_cm":59232,"minecraft:crouch_one_cm":6632,"minecraft:play_time":15984,"minecraft:sneak_time":1797,"minecraft:walk_under_water_one_cm":2902,"minecraft:jump":256,"minecraft:time_since_death":15984,"minecraft:walk_on_water_one_cm":1779,"minecraft:total_world_time":15984,"minecraft:fall_one_cm":6775},"minecraft:mined":{"biomesoplenty:jacaranda_leaves":8,"biomesoplenty:jacaranda_log":8,"biomesoplenty:tall_lavender":5,"minecraft:iron_ore":3,"biomesoplenty:lavender":11,"minecraft:crafting_table":5,"supplementaries:stick":2,"minecraft:grass":4,"minecraft:coal_ore":29,"minecraft:oak_log":5,"minecraft:tall_grass":1,"minecraft:stone":56,"minecraft:oak_leaves":2},"minecraft:killed":{"minecraft:sheep":3},"minecraft:dropped":{"minecraft:mutton":1,"biomesoplenty:lavender":2,"minecraft:cobblestone":4},"minecraft:picked_up":{"minecraft:raw_iron":3,"biomesoplenty:lavender":10,"minecraft:stick":2,"minecraft:crafting_table":5,"biomesoplenty:jacaranda_sapling":1,"minecraft:oak_log":5,"biomesoplenty:tall_lavender":4,"biomesoplenty:jacaranda_log":8,"minecraft:wheat_seeds":1,"minecraft:mutton":6,"minecraft:coal":29,"minecraft:white_wool":3,"minecraft:cobblestone":58},"minecraft:crafted":{"minecraft:oak_planks":20,"biomesoplenty:jacaranda_planks":32,"minecraft:crafting_table":2,"minecraft:stick":12,"minecraft:wooden_pickaxe":1,"minecraft:stone_pickaxe":1,"minecraft:furnace":1,"minecraft:white_bed":1,"minecraft:stone_axe":1,"minecraft:air":0,"minecraft:cooked_mutton":3}},"DataVersion":3465}