{"stats":{"minecraft:picked_up":{"minecraft:stick":3,"biomesoplenty:maple_sapling":1,"minecraft:raw_iron":4,"minecraft:wheat_seeds":1,"minecraft:oak_log":11,"gravestone:obituary":1,"minecraft:cobblestone":22},"minecraft:dropped":{"gravestone:obituary":3,"minecraft:wheat_seeds":1,"biomesoplenty:maple_sapling":1},"minecraft:killed":{"minecraft:piglin_brute":1},"minecraft:custom":{"minecraft:time_since_rest":9103,"minecraft:deaths":2,"minecraft:play_time":12931,"minecraft:sprint_one_cm":25989,"minecraft:damage_taken":630,"minecraft:walk_one_cm":17093,"minecraft:sneak_time":46,"minecraft:mob_kills":1,"minecraft:drop":5,"minecraft:jump":320,"minecraft:damage_dealt":152,"minecraft:leave_game":3,"minecraft:time_since_death":9034,"minecraft:total_world_time":12931,"minecraft:interact_with_crafting_table":3,"minecraft:fall_one_cm":9063,"minecraft:fly_one_cm":107515,"minecraft:player_kills":1},"minecraft:used":{"minecraft:warden_spawn_egg":25,"minecraft:cobblestone":1,"minecraft:crafting_table":1,"alexscaves:sea_staff":111,"alexscaves:spawn_egg_deep_one":19,"minecraft:stone_pickaxe":24,"minecraft:wooden_pickaxe":6},"minecraft:killed_by":{"minecraft:player":1,"minecraft:piglin_brute":1},"minecraft:mined":{"minecraft:grass":17,"minecraft:oak_log":11,"minecraft:iron_ore":4,"minecraft:stone":23,"biomesoplenty:maple_leaves":1},"minecraft:crafted":{"minecraft:oak_planks":44,"minecraft:crafting_table":1,"minecraft:stick":8,"minecraft:wooden_pickaxe":2,"minecraft:stone_pickaxe":1}},"DataVersion":3465}