{"stats":{"minecraft:used":{"minecraft:crafting_table":1,"biomesoplenty:tall_lavender":3,"biomesoplenty:lavender":3},"minecraft:custom":{"minecraft:time_since_rest":3984,"minecraft:crouch_one_cm":226,"minecraft:play_time":3984,"minecraft:sprint_one_cm":5384,"minecraft:walk_one_cm":4554,"minecraft:sneak_time":134,"minecraft:walk_under_water_one_cm":63,"minecraft:drop":1,"minecraft:jump":60,"minecraft:damage_dealt":70,"minecraft:walk_on_water_one_cm":517,"minecraft:time_since_death":3984,"minecraft:total_world_time":3984,"minecraft:swim_one_cm":958,"minecraft:fall_one_cm":2090,"minecraft:interact_with_crafting_table":1,"minecraft:fly_one_cm":14531},"minecraft:mined":{"biomesoplenty:jacaranda_leaves":2,"minecraft:oak_log":5,"biomesoplenty:tall_lavender":3,"biomesoplenty:lavender":5,"minecraft:oak_leaves":2,"minecraft:crafting_table":1},"minecraft:dropped":{"biomesoplenty:lavender":1},"minecraft:picked_up":{"biomesoplenty:lavender":4,"minecraft:crafting_table":1,"biomesoplenty:tall_lavender":3,"minecraft:oak_log":5},"minecraft:crafted":{"minecraft:oak_planks":20,"minecraft:crafting_table":1,"minecraft:stick":4,"minecraft:wooden_pickaxe":1}},"DataVersion":3465}